ID,Question,Difficulty,SQL_Type,Expected_SQL,Generated_SQL,SQL_Exact_Match,Execution_Correct,Latency_Seconds,Peak_VRAM_MB
001,How many singers do we have?,Medium,aggregation,SELECT count(*) FROM singer,SELECT COUNT(DISTINCT Singer_ID) AS NumberOfSingers FROM singer;,0,1,45.4032,4596.01
002,What is the total number of singers?,Medium,aggregation,SELECT count(*) FROM singer,SELECT COUNT(*) AS Total_Singers FROM singer;,0,1,30.0024,4551.56
003,"Show name, country, age for all singers ordered by age from the oldest to the youngest.",Medium,order_by,"SELECT name ,  country ,  age FROM singer ORDER BY age DESC","SELECT Name, Country, Age

FROM singer

ORDER BY Age DESC;",1,1,42.0887,4596.01
004," What are the names, countries, and ages for every singer in descending order of age?",Medium,order_by,"SELECT name ,  country ,  age FROM singer ORDER BY age DESC","SELECT Name, Country, Age

FROM singer

ORDER BY Age DESC;",1,1,58.8447,4596.01
005," What is the average, minimum, and maximum age of all singers from France?",Medium,aggregation,"SELECT avg(age) ,  min(age) ,  max(age) FROM singer WHERE country  =  'France'","SELECT AVG(Age) AS Average_Age, MIN(Age) AS Minimum_Age, MAX(Age) AS Maximum_Age

FROM singer

WHERE Country = 'France';",0,1,73.3683,4596.01
006,"What is the average, minimum, and maximum age for all French singers?",Medium,aggregation,"SELECT avg(age) ,  min(age) ,  max(age) FROM singer WHERE country  =  'France'","SELECT AVG(Age) AS Average_Age, MIN(Age) AS Minimum_Age, MAX(Age) AS Maximum_Age

FROM singer

WHERE Country = 'France';",0,1,76.7046,4596.01
007,Show the name and the release year of the song by the youngest singer.,Medium,order_by_limit,"SELECT song_name ,  song_release_year FROM singer ORDER BY age LIMIT 1","SELECT Name, Song_release_year

FROM singer

ORDER BY Age ASC

LIMIT 1;",0,0,52.8744,4596.01
008,What are the names and release years for all the songs of the youngest singer?,Medium,order_by_limit,"SELECT song_name ,  song_release_year FROM singer ORDER BY age LIMIT 1","SELECT Name, Song_release_year

FROM singer

WHERE Age = (SELECT MIN(Age) FROM singer);",0,0,56.1021,4596.01
009,What are all distinct countries where singers above age 20 are from?,Medium,distinct_where,SELECT DISTINCT country FROM singer WHERE age  >  20,"SELECT DISTINCT singer.Country

FROM singer

WHERE singer.Age > 20;",0,1,48.9389,4596.01
010,What are  the different countries with singers above age 20?,Medium,distinct_where,SELECT DISTINCT country FROM singer WHERE age  >  20,"SELECT DISTINCT singer.Country

FROM singer

WHERE singer.Age > 20;",0,1,51.0111,4596.01

011,Show all countries and the number of singers in each country.,Medium,group_by,"SELECT country ,  count(*) FROM singer GROUP BY country","SELECT Country, COUNT(Singer_ID) AS NumberOfSingers

FROM singer

GROUP BY Country;",0,1,24.8542,4596.01
012,How many singers are from each country?,Medium,group_by,"SELECT country ,  count(*) FROM singer GROUP BY country","SELECT Country, COUNT(DISTINCT Singer_ID) AS NumberOfSingers

FROM singer

GROUP BY Country;",0,1,25.3615,4596.01
013,List all song names by singers above the average age.,Hard,subquery,SELECT song_name FROM singer WHERE age  >  (SELECT avg(age) FROM singer),"SELECT s.Name, s.Song_Name

FROM singer s

JOIN singer_in_concert sic ON s.Singer_ID = sic.Singer_ID

JOIN concert c ON c.concert_ID = sic.concert_ID

WHERE s.Age > (SELECT AVG(Age) FROM singer);",0,0,57.8432,4596.01
014,What are all the song names by singers who are older than average?,Hard,subquery,SELECT song_name FROM singer WHERE age  >  (SELECT avg(age) FROM singer),"SELECT s.Name, s.Song_Name

FROM singer s

JOIN (

    SELECT AVG(Age) AS AvgAge

    FROM singer

) AS avg_singer

ON s.Age > avg_singer.AvgAge

ORDER BY s.Name, s.Song_Name;",0,0,60.5341,4596.01
015,Show location and name for all stadiums with a capacity between 5000 and 10000.,Easy,between,"SELECT LOCATION ,  name FROM stadium WHERE capacity BETWEEN 5000 AND 10000","SELECT Location, Name FROM stadium WHERE Capacity BETWEEN 5000 AND 10000;",1,1,23.8718,4596.01
016,What are the locations and names of all stadium with capacity between 5000 and 10000?,Easy,between,"SELECT LOCATION ,  name FROM stadium WHERE capacity BETWEEN 5000 AND 10000","SELECT Location, Name FROM stadium WHERE Capacity BETWEEN 5000 AND 10000;",1,1,23.6975,4596.01
017, What is the maximum capacity and the average of all stadiums ?,Medium,aggregation,"SELECT MAX(capacity), AVG(capacity) FROM stadium","SELECT MAX(Capacity) AS Maximum_Capacity, AVG(Capacity) AS Average_Capacity

FROM stadium;",0,1,27.3085,4596.01
018,What is the average and maximum capacities for all stadiums ?,Medium,aggregation,"select avg(capacity) ,  max(capacity) from stadium","SELECT AVG(Capacity) AS Average_Capacity, MAX(Capacity) AS Maximum_Capacity

FROM stadium;",0,1,28.0596,4596.01
019,What is the name and capacity for the stadium with highest average attendance,Medium,order_by_limit,"SELECT name , capacity FROM stadium ORDER BY average DESC LIMIT 1","SELECT Name, Capacity

FROM stadium

ORDER BY Average DESC

LIMIT 1;",1,1,23.1551,4596.01
020,What is the name and capacity for the stadium with the highest average attendance?,Medium,order_by_limit,"SELECT name ,  capacity FROM stadium ORDER BY average DESC LIMIT 1","SELECT Name, Capacity

FROM stadium

ORDER BY Average DESC

LIMIT 1;",1,1,22.6809,4596.01

021,Show the names of all singers who are older than 30.,Easy,where,SELECT name FROM singer WHERE age > 30,SELECT Name FROM singer WHERE Age > 30;,1,1,55.1852,4596.01
022,List the names of all singers from the United States.,Easy,where,SELECT name FROM singer WHERE country = 'United States',SELECT Name FROM singer WHERE Country = 'United States';,1,1,57.5615,4583.79
023,Show all concert names held in the year 2014.,Easy,where,SELECT concert_Name FROM concert WHERE Year = 2014,"SELECT concert.concert_Name

FROM concert

WHERE Year = 2014;",0,1,53.3927,4596.01
024,How many concerts are recorded in the database?,Easy,aggregation,SELECT COUNT(*) FROM concert,SELECT COUNT(*) AS NumberOfConcerts FROM concert;,0,1,36.222,4552.31
025,What is the average capacity of all stadiums?,Easy,aggregation,SELECT AVG(capacity) FROM stadium,SELECT AVG(Capacity) AS Average_Capacity FROM stadium;,0,1,44.2988,4596.01
026,What is the name of the stadium with the largest capacity?,Easy,order_by_limit,SELECT name FROM stadium ORDER BY capacity DESC LIMIT 1,SELECT Name FROM stadium ORDER BY Capacity DESC LIMIT 1;,1,1,40.2782,4596.01
027,What is the name of the youngest singer?,Easy,order_by_limit,SELECT name FROM singer ORDER BY age ASC LIMIT 1,SELECT Name FROM singer ORDER BY Age ASC LIMIT 1;,1,1,35.5365,4552.31
028,How many concerts occurred in 2014 or 2015?,Medium,where_or,SELECT COUNT(*) FROM concert WHERE Year = 2014 OR Year = 2015,"SELECT COUNT(*) AS NumberOfConcerts

FROM concert

WHERE Year IN (2014, 2015);",0,1,64.7484,4596.01
029,Show each concert year and the number of concerts held in that year.,Medium,group_by,"SELECT Year, COUNT(*) FROM concert GROUP BY Year","SELECT Year, COUNT(concert_ID) AS NumberOfConcerts

FROM concert

GROUP BY Year;",0,1,58.9056,4596.01
030,Show each country and the average age of singers from that country.,Medium,group_by,"SELECT country, AVG(age) FROM singer GROUP BY country","SELECT singer.Country, AVG(singer.Age) AS Average_Age

FROM singer

GROUP BY singer.Country;",0,1,66.2736,4596.01

031,Show countries that have more than one singer.,Medium,having,SELECT country FROM singer GROUP BY country HAVING COUNT(*) > 1,"SELECT Country

FROM singer

GROUP BY Country

HAVING COUNT(DISTINCT Singer_ID) > 1;",0,1,28.6136,4596.01
032,Show the name of each concert and the name of the stadium where it was held.,Medium,join,"SELECT concert.concert_Name, stadium.name FROM concert JOIN stadium ON concert.Stadium_ID = stadium.Stadium_ID","SELECT concert.concert_Name, stadium.Name

FROM concert

JOIN stadium ON concert.Stadium_ID = stadium.Stadium_ID;",1,1,32.683,4596.01
033,Show each stadium name and the number of concerts held in that stadium.,Medium,join_group_by,"SELECT stadium.name, COUNT(*) FROM concert JOIN stadium ON concert.Stadium_ID = stadium.Stadium_ID GROUP BY stadium.Stadium_ID","SELECT s.Name, COUNT(c.concert_ID) AS NumberOfConcerts

FROM stadium s

JOIN concert c ON s.Stadium_ID = c.Stadium_ID

GROUP BY s.Name;",0,0,42.3592,4596.01
034,Show the names of singers and the concert IDs they participated in.,Medium,join,"SELECT singer.name, singer_in_concert.concert_ID FROM singer JOIN singer_in_concert ON singer.Singer_ID = singer_in_concert.Singer_ID","SELECT singer.Name, concert.concert_ID

FROM singer

JOIN singer_in_concert ON singer.Singer_ID = singer_in_concert.Singer_ID

JOIN concert ON singer_in_concert.concert_ID = concert.concert_ID;",0,1,52.0567,4596.01
035,Show the names of singers and the names of concerts they performed in.,Medium,join,"SELECT singer.name, concert.concert_Name FROM singer JOIN singer_in_concert ON singer.Singer_ID = singer_in_concert.Singer_ID JOIN concert ON singer_in_concert.concert_ID = concert.concert_ID","SELECT singer.Name, concert.concert_Name

FROM singer

JOIN singer_in_concert ON singer.Singer_ID = singer_in_concert.Singer_ID

JOIN concert ON singer_in_concert.concert_ID = concert.concert_ID;",1,1,54.7,4596.01
036,Show each concert name and the number of singers who participated in it.,Medium,join_group_by,"SELECT concert.concert_Name, COUNT(*) FROM singer_in_concert JOIN concert ON singer_in_concert.concert_ID = concert.concert_ID GROUP BY concert.concert_ID","SELECT concert.concert_Name, COUNT(singer_in_concert.Singer_ID) AS NumberOfSingers

FROM concert

JOIN singer_in_concert ON concert.concert_ID = singer_in_concert.concert_ID

GROUP BY concert.concert_Name;",0,0,54.4848,4596.01
037,Show each singer name and the number of concerts they participated in.,Medium,join_group_by,"SELECT singer.name, COUNT(*) FROM singer JOIN singer_in_concert ON singer.Singer_ID = singer_in_concert.Singer_ID GROUP BY singer.Singer_ID","SELECT s.Name, COUNT(ci.concert_ID) AS NumberOfConcerts

FROM singer s

JOIN singer_in_concert ci ON s.Singer_ID = ci.Singer_ID

GROUP BY s.Name;",0,0,44.4889,4596.01
038,Show the names of concerts held in stadiums with capacity greater than 5000.,Medium,join_where,SELECT concert.concert_Name FROM concert JOIN stadium ON concert.Stadium_ID = stadium.Stadium_ID WHERE stadium.capacity > 5000,"SELECT concert.concert_Name

FROM concert

JOIN stadium ON concert.Stadium_ID = stadium.Stadium_ID

WHERE stadium.Capacity > 5000;",1,1,38.4493,4596.01
039,Show the names of singers who participated in concerts held in 2014.,Medium,join_where,SELECT DISTINCT singer.name FROM singer JOIN singer_in_concert ON singer.Singer_ID = singer_in_concert.Singer_ID JOIN concert ON singer_in_concert.concert_ID = concert.concert_ID WHERE concert.Year = 2014,"SELECT DISTINCT s.Name

FROM singer s

JOIN singer_in_concert sic ON s.Singer_ID = sic.Singer_ID

JOIN concert c ON sic.concert_ID = c.concert_ID

WHERE c.Year = 2014;",0,1,51.7508,4596.01
040,Show the names of stadiums that have hosted at least one concert.,Medium,subquery,SELECT name FROM stadium WHERE Stadium_ID IN (SELECT Stadium_ID FROM concert),"SELECT DISTINCT Name

FROM stadium

WHERE Stadium_ID IN (SELECT Stadium_ID FROM concert);",0,1,23.3892,4596.01

041,Show the names of stadiums that have not hosted any concerts.,Hard,subquery,SELECT name FROM stadium WHERE Stadium_ID NOT IN (SELECT Stadium_ID FROM concert),SELECT Name FROM stadium WHERE Stadium_ID NOT IN (SELECT Stadium_ID FROM concert);,1,1,24.2452,4596.01
042,Show the names of singers whose age is greater than the average singer age.,Hard,subquery,SELECT name FROM singer WHERE age > (SELECT AVG(age) FROM singer),SELECT Name FROM singer WHERE Age > (SELECT AVG(Age) FROM singer);,1,1,20.4894,4596.01
043,Show the name of the stadium with capacity greater than the average stadium capacity.,Hard,subquery,SELECT name FROM stadium WHERE capacity > (SELECT AVG(capacity) FROM stadium),SELECT Name FROM stadium WHERE Capacity > (SELECT AVG(Capacity) FROM stadium);,1,1,23.0192,4596.01
044,Show the names of concerts that have more than one singer.,Hard,join_having,SELECT concert.concert_Name FROM concert JOIN singer_in_concert ON concert.concert_ID = singer_in_concert.concert_ID GROUP BY concert.concert_ID HAVING COUNT(*) > 1,"SELECT concert.concert_Name

FROM concert

JOIN singer_in_concert ON concert.concert_ID = singer_in_concert.concert_ID

GROUP BY concert.concert_Name

HAVING COUNT(singer_in_concert.Singer_ID) > 1;",0,1,60.2259,4596.01
045,Show the concert name with the highest number of participating singers.,Hard,join_order_by_limit,SELECT concert.concert_Name FROM concert JOIN singer_in_concert ON concert.concert_ID = singer_in_concert.concert_ID GROUP BY concert.concert_ID ORDER BY COUNT(*) DESC LIMIT 1,"SELECT concert.concert_Name

FROM concert

JOIN (

    SELECT concert_ID, COUNT(Singer_ID) AS singer_count

    FROM singer_in_concert

    GROUP BY concert_ID

    ORDER BY singer_count DESC

    LIMIT 1

) AS subquery

ON concert.concert_ID = subquery.concert_ID;",0,1,73.6987,4596.01
046,Show the stadium name that has hosted the greatest number of concerts.,Hard,join_order_by_limit,SELECT stadium.name FROM stadium JOIN concert ON stadium.Stadium_ID = concert.Stadium_ID GROUP BY stadium.Stadium_ID ORDER BY COUNT(*) DESC LIMIT 1,"SELECT s.Name

FROM stadium s

JOIN concert c ON s.Stadium_ID = c.Stadium_ID

GROUP BY s.Name

ORDER BY COUNT(c.concert_ID) DESC

LIMIT 1;",0,1,50.353,4596.01
047,"Show the singer name, concert name, and stadium name for every singer concert participation.",Hard,multi_join,"SELECT singer.name, concert.concert_Name, stadium.name FROM singer JOIN singer_in_concert ON singer.Singer_ID = singer_in_concert.Singer_ID JOIN concert ON singer_in_concert.concert_ID = concert.concert_ID JOIN stadium ON concert.Stadium_ID = stadium.Stadium_ID","SELECT s.Name AS Singer_Name, c.concert_Name, st.Name AS Stadium_Name

FROM singer_in_concert sic

JOIN singer s ON sic.Singer_ID = s.Singer_ID

JOIN concert c ON sic.concert_ID = c.concert_ID

JOIN stadium st ON c.Stadium_ID = st.Stadium_",0,0,79.5391,4596.01
048,Show the names of singers who performed in concerts held at stadiums with capacity greater than 5000.,Hard,multi_join_where,SELECT DISTINCT singer.name FROM singer JOIN singer_in_concert ON singer.Singer_ID = singer_in_concert.Singer_ID JOIN concert ON singer_in_concert.concert_ID = concert.concert_ID JOIN stadium ON concert.Stadium_ID = stadium.Stadium_ID WHERE stadium.capacity > 5000,"SELECT DISTINCT s.Name

FROM singer s

JOIN singer_in_concert sic ON s.Singer_ID = sic.Singer_ID

JOIN concert c ON sic.concert_ID = c.concert_ID

JOIN stadium st ON c.Stadium_ID = st.Stadium_ID

WHERE st.Capacity > 5000;",0,1,83.0018,4596.01
049,Show each stadium name and the number of singers who have performed there.,Hard,multi_join_group_by,"SELECT stadium.name, COUNT(DISTINCT singer_in_concert.Singer_ID) FROM stadium JOIN concert ON stadium.Stadium_ID = concert.Stadium_ID JOIN singer_in_concert ON concert.concert_ID = singer_in_concert.concert_ID GROUP BY stadium.Stadium_ID","SELECT s.Name, COUNT(si.Singer_ID) AS NumberOfSingers

FROM stadium AS s

JOIN concert AS c ON s.Stadium_ID = c.Stadium_ID

JOIN singer_in_concert AS si ON c.concert_ID = si.concert_ID

GROUP BY s.Name;",0,0,73.2267,4596.01
050,Show the stadium names where more than one singer has performed.,Hard,multi_join_having,SELECT stadium.name FROM stadium JOIN concert ON stadium.Stadium_ID = concert.Stadium_ID JOIN singer_in_concert ON concert.concert_ID = singer_in_concert.concert_ID GROUP BY stadium.Stadium_ID HAVING COUNT(DISTINCT singer_in_concert.Singer_ID) > 1,"SELECT s.Name

FROM stadium s

JOIN concert c ON s.Stadium_ID = c.Stadium_ID

JOIN singer_in_concert sic ON c.concert_ID = sic.concert_ID

GROUP BY s.Name

HAVING COUNT(DISTINCT sic.Singer_ID) > 1;",0,0,75.1691,4596.01

051,Show the names of all male singers.,Easy,where,SELECT name FROM singer WHERE Is_male = 1,SELECT Name FROM singer WHERE Is_male = 1;,1,1,18.1744,4551.94
052,Show the names of all female singers.,Easy,where,SELECT name FROM singer WHERE Is_male = 0,SELECT Name FROM singer WHERE Is_male = 0;,1,1,15.9764,4551.94
053,List the names and ages of singers who are younger than 30.,Easy,where,"SELECT name, age FROM singer WHERE age < 30","SELECT Name, Age

FROM singer

WHERE Age < 30;",1,1,19.1634,4596.01
054,Show the names of male singers who are older than 25.,Easy,where_and,SELECT name FROM singer WHERE Is_male = 1 AND age > 25,SELECT Name FROM singer WHERE Is_male = 1 AND Age > 25;,1,1,21.2147,4596.01
055,Show all distinct singer countries.,Easy,distinct,SELECT DISTINCT country FROM singer,SELECT DISTINCT Country FROM singer;,1,1,12.9843,4549.31
056,List all singer names and ages from youngest to oldest.,Easy,order_by,"SELECT name, age FROM singer ORDER BY age ASC","SELECT Name, Age

FROM singer

ORDER BY Age DESC;",0,0,18.766,4596.01
057,List all stadium names and capacities from largest capacity to smallest.,Easy,order_by,"SELECT name, capacity FROM stadium ORDER BY capacity DESC","SELECT Name, Capacity FROM stadium ORDER BY Capacity DESC;",1,1,17.1549,4596.01
058,What is the minimum capacity among all stadiums?,Easy,aggregation,SELECT MIN(capacity) FROM stadium,SELECT MIN(Capacity) AS Minimum_Capacity FROM stadium;,0,1,19.6867,4596.01
059,What is the oldest age among all singers?,Easy,aggregation,SELECT MAX(age) FROM singer,SELECT MAX(Age) AS Oldest_Age FROM singer;,0,1,16.7408,4553.54
060,What is the youngest age among all singers?,Easy,aggregation,SELECT MIN(age) FROM singer,SELECT MIN(Age) AS Youngest_Age FROM singer;,0,1,17.5899,4593.94

061,Show the number of male and female singers.,Medium,group_by,"SELECT Is_male, COUNT(*) FROM singer GROUP BY Is_male","SELECT 

    (SELECT COUNT(*) FROM singer WHERE Is_male = 1) AS Male_Singers,

    (SELECT COUNT(*) FROM singer WHERE Is_male = 0) AS Female_Singers;",0,0,41.5912,4596.01
062,Show each singer country and the maximum singer age in that country.,Medium,group_by,"SELECT country, MAX(age) FROM singer GROUP BY country","SELECT Country, MAX(Age) AS Maximum_Age

FROM singer

GROUP BY Country;",0,1,22.9515,4596.01
063,Show each singer country and the minimum singer age in that country.,Medium,group_by,"SELECT country, MIN(age) FROM singer GROUP BY country","SELECT Country, MIN(Age) AS Minimum_Age

FROM singer

GROUP BY Country;",0,1,22.3227,4596.01
064,Show countries where the average singer age is greater than 30.,Medium,having,SELECT country FROM singer GROUP BY country HAVING AVG(age) > 30,"SELECT singer.Country

FROM singer

GROUP BY singer.Country

HAVING AVG(singer.Age) > 30;",0,1,28.8702,4596.01
065,Show years in which more than one concert was held.,Medium,having,SELECT Year FROM concert GROUP BY Year HAVING COUNT(*) > 1,"SELECT Year

FROM concert

GROUP BY Year

HAVING COUNT(concert_ID) > 1;",0,1,25.7783,4596.01
066,Show singer names and ages for singers between 20 and 40 years old.,Medium,where_between,"SELECT name, age FROM singer WHERE age BETWEEN 20 AND 40","SELECT Name, Age

FROM singer

WHERE Age BETWEEN 20 AND 40;",1,1,22.3305,4596.01
067,Show concert names held between the years 2010 and 2015.,Medium,where_between,SELECT concert_Name FROM concert WHERE Year BETWEEN 2010 AND 2015,"SELECT concert.concert_Name

FROM concert

WHERE Year BETWEEN 2010 AND 2015;",0,1,26.6059,4596.01
068,Show the name and age of the oldest singer.,Medium,order_by_limit,"SELECT name, age FROM singer ORDER BY age DESC LIMIT 1","SELECT Name, Age

FROM singer

ORDER BY Age DESC

LIMIT 1;",1,1,21.0708,4596.01
069,Show the name and capacity of the smallest stadium.,Medium,order_by_limit,"SELECT name, capacity FROM stadium ORDER BY capacity ASC LIMIT 1","SELECT Name, Capacity FROM stadium ORDER BY Capacity ASC LIMIT 1;",1,1,18.5339,4596.01
070,Show each concert name together with its stadium location.,Medium,join,"SELECT concert.concert_Name, stadium.Location FROM concert JOIN stadium ON concert.Stadium_ID = stadium.Stadium_ID","SELECT concert.concert_Name, stadium.Location

FROM concert

JOIN stadium ON concert.Stadium_ID = stadium.Stadium_ID;",1,1,33.1455,4596.01

071,Show each concert name together with the capacity of its stadium.,Medium,join,"SELECT concert.concert_Name, stadium.capacity FROM concert JOIN stadium ON concert.Stadium_ID = stadium.Stadium_ID","SELECT concert.concert_Name, stadium.Capacity

FROM concert

JOIN stadium ON concert.Stadium_ID = stadium.Stadium_ID;",1,1,35.3958,4596.01
072,Show concert names held in stadiums with capacity less than 10000.,Medium,join_where,SELECT concert.concert_Name FROM concert JOIN stadium ON concert.Stadium_ID = stadium.Stadium_ID WHERE stadium.capacity < 10000,"SELECT concert.concert_Name

FROM concert

JOIN stadium ON concert.Stadium_ID = stadium.Stadium_ID

WHERE stadium.Capacity < 10000;",1,1,39.3758,4596.01
073,Show concert names held in stadiums with average attendance greater than 5000.,Medium,join_where,SELECT concert.concert_Name FROM concert JOIN stadium ON concert.Stadium_ID = stadium.Stadium_ID WHERE stadium.average > 5000,"SELECT c.concert_Name

FROM concert c

JOIN stadium s ON c.Stadium_ID = s.Stadium_ID

WHERE s.Average > 5000;",0,1,38.1402,4596.01
074,Show singer names who participated in concert number 1.,Medium,join_where,SELECT singer.name FROM singer JOIN singer_in_concert ON singer.Singer_ID = singer_in_concert.Singer_ID WHERE singer_in_concert.concert_ID = 1,"SELECT singer.Name

FROM singer

JOIN singer_in_concert ON singer.Singer_ID = singer_in_concert.Singer_ID

JOIN concert ON singer_in_concert.concert_ID = concert.concert_ID

WHERE concert.concert_ID = 1;",0,1,56.324,4596.01
075,Show each singer country and the number of concert participations by singers from that country.,Medium,join_group_by,"SELECT singer.country, COUNT(*) FROM singer JOIN singer_in_concert ON singer.Singer_ID = singer_in_concert.Singer_ID GROUP BY singer.country","SELECT singer.Country, COUNT(singer_in_concert.concert_ID) AS NumberOfParticipations

FROM singer

JOIN singer_in_concert ON singer.Singer_ID = singer_in_concert.Singer_ID

GROUP BY singer.Country;",0,1,49.5982,4596.01
076,Show each concert year and the number of singer participations in concerts during that year.,Medium,join_group_by,"SELECT concert.Year, COUNT(*) FROM concert JOIN singer_in_concert ON concert.concert_ID = singer_in_concert.concert_ID GROUP BY concert.Year","SELECT Year, COUNT(DISTINCT Singer_ID) AS NumberOfSingers

FROM concert

JOIN singer_in_concert ON concert.concert_ID = singer_in_concert.concert_ID

GROUP BY Year;",0,0,43.425,4596.01
077,Show all distinct countries of singers who participated in at least one concert.,Medium,join_distinct,SELECT DISTINCT singer.country FROM singer JOIN singer_in_concert ON singer.Singer_ID = singer_in_concert.Singer_ID,"SELECT DISTINCT singer.Country

FROM singer

JOIN singer_in_concert ON singer.Singer_ID = singer_in_concert.Singer_ID

JOIN concert ON singer_in_concert.concert_ID = concert.concert_ID;",0,1,49.2191,4596.01
078,Show singer names whose age is equal to the maximum singer age.,Medium,subquery,SELECT name FROM singer WHERE age = (SELECT MAX(age) FROM singer),"SELECT Name

FROM singer

WHERE Age = (SELECT MAX(Age) FROM singer);",1,1,20.8806,4596.01
079,Show singer names whose age is equal to the minimum singer age.,Medium,subquery,SELECT name FROM singer WHERE age = (SELECT MIN(age) FROM singer),SELECT Name FROM singer WHERE Age = (SELECT MIN(Age) FROM singer);,1,1,18.4546,4596.01
080,Show stadium names whose capacity is above the average stadium capacity.,Medium,subquery,SELECT name FROM stadium WHERE capacity > (SELECT AVG(capacity) FROM stadium),SELECT Name FROM stadium WHERE Capacity > (SELECT AVG(Capacity) FROM stadium);,1,1,20.8363,4596.01

081,Show stadium names whose capacity is below the average stadium capacity.,Hard,subquery,SELECT name FROM stadium WHERE capacity < (SELECT AVG(capacity) FROM stadium),"SELECT Name

FROM stadium

WHERE Capacity < (SELECT AVG(Capacity) FROM stadium);",1,1,25.294,4596.01
082,Show the names of singers who have participated in at least one concert.,Hard,in_subquery,SELECT name FROM singer WHERE Singer_ID IN (SELECT Singer_ID FROM singer_in_concert),"SELECT DISTINCT s.Name

FROM singer s

JOIN singer_in_concert sic ON s.Singer_ID = sic.Singer_ID;",0,0,31.8162,4596.01
083,Show the names of singers who have never participated in a concert.,Hard,not_in_subquery,SELECT name FROM singer WHERE Singer_ID NOT IN (SELECT Singer_ID FROM singer_in_concert),SELECT Name FROM singer WHERE Singer_ID NOT IN (SELECT Singer_ID FROM singer_in_concert);,1,1,23.5742,4596.01
084,Show singer names who participated in more than one concert.,Hard,join_having,SELECT singer.name FROM singer JOIN singer_in_concert ON singer.Singer_ID = singer_in_concert.Singer_ID GROUP BY singer.Singer_ID HAVING COUNT(*) > 1,"SELECT s.Name

FROM singer s

JOIN singer_in_concert sic ON s.Singer_ID = sic.Singer_ID

GROUP BY s.Name

HAVING COUNT(DISTINCT sic.concert_ID) > 1;",0,0,48.163,4596.01
085,Show stadium names that hosted more than one concert.,Hard,join_having,SELECT stadium.name FROM stadium JOIN concert ON stadium.Stadium_ID = concert.Stadium_ID GROUP BY stadium.Stadium_ID HAVING COUNT(*) > 1,"SELECT s.Name

FROM stadium s

JOIN concert c ON s.Stadium_ID = c.Stadium_ID

GROUP BY s.Name

HAVING COUNT(c.concert_ID) > 1;",0,1,45.7998,4596.01
086,"Show the singer name, concert name, and concert year for each singer participation.",Hard,multi_join,"SELECT singer.name, concert.concert_Name, concert.Year FROM singer JOIN singer_in_concert ON singer.Singer_ID = singer_in_concert.Singer_ID JOIN concert ON singer_in_concert.concert_ID = concert.concert_ID","SELECT s.Name AS Singer_Name, c.concert_Name, c.Year

FROM singer s

JOIN singer_in_concert sic ON s.Singer_ID = sic.Singer_ID

JOIN concert c ON sic.concert_ID = c.concert_ID;",0,1,53.6525,4596.01
087,"Show singer names, concert names, and stadium locations for all concert participations.",Hard,multi_join,"SELECT singer.name, concert.concert_Name, stadium.Location FROM singer JOIN singer_in_concert ON singer.Singer_ID = singer_in_concert.Singer_ID JOIN concert ON singer_in_concert.concert_ID = concert.concert_ID JOIN stadium ON concert.Stadium_ID = stadium.Stadium_ID","SELECT s.Name AS Singer_Name, c.concert_Name, st.Location AS Stadium_Location

FROM singer AS s

JOIN singer_in_concert AS sic ON s.Singer_ID = sic.Singer_ID

JOIN concert AS c ON sic.concert_ID = c.concert_ID

JOIN stadium AS st ON c.Stadium_ID = st.",0,0,69.6801,4596.01
088,Show singer names who participated in concerts held after 2013.,Hard,multi_join_where,SELECT DISTINCT singer.name FROM singer JOIN singer_in_concert ON singer.Singer_ID = singer_in_concert.Singer_ID JOIN concert ON singer_in_concert.concert_ID = concert.concert_ID WHERE concert.Year > 2013,"SELECT DISTINCT s.Name

FROM singer s

JOIN singer_in_concert sic ON s.Singer_ID = sic.Singer_ID

JOIN concert c ON sic.concert_ID = c.concert_ID

WHERE c.Year > 2013;",0,1,52.3985,4596.01
089,Show singer names who performed in stadiums with capacity between 5000 and 10000.,Hard,multi_join_where,SELECT DISTINCT singer.name FROM singer JOIN singer_in_concert ON singer.Singer_ID = singer_in_concert.Singer_ID JOIN concert ON singer_in_concert.concert_ID = concert.concert_ID JOIN stadium ON concert.Stadium_ID = stadium.Stadium_ID WHERE stadium.capacity BETWEEN 5000 AND 10000,"SELECT DISTINCT s.Name

FROM singer s

JOIN singer_in_concert sic ON s.Singer_ID = sic.Singer_ID

JOIN concert c ON sic.concert_ID = c.concert_ID

JOIN stadium st ON c.Stadium_ID = st.Stadium_ID

WHERE st.Capacity BETWEEN 5000",0,0,66.7872,4596.01
090,Show concert names in which singers older than 30 participated.,Hard,multi_join_where,SELECT DISTINCT concert.concert_Name FROM singer JOIN singer_in_concert ON singer.Singer_ID = singer_in_concert.Singer_ID JOIN concert ON singer_in_concert.concert_ID = concert.concert_ID WHERE singer.age > 30,"SELECT concert.concert_Name

FROM concert

JOIN singer_in_concert ON concert.concert_ID = singer_in_concert.concert_ID

JOIN singer ON singer_in_concert.Singer_ID = singer.Singer_ID

WHERE singer.Age > 30;",0,0,55.8146,4596.01

091,Show each stadium name and the total number of singer concert participations at that stadium.,Hard,multi_join_group_by,"SELECT stadium.name, COUNT(*) FROM stadium JOIN concert ON stadium.Stadium_ID = concert.Stadium_ID JOIN singer_in_concert ON concert.concert_ID = singer_in_concert.concert_ID GROUP BY stadium.Stadium_ID","SELECT s.Name, COUNT(ci.concert_ID) AS Total_Participations

FROM stadium s

JOIN concert c ON s.Stadium_ID = c.Stadium_ID

JOIN singer_in_concert sic ON c.concert_ID = sic.concert_ID

GROUP BY s.Name;",0,0,62.6634,4596.01
092,Show each concert year and the number of distinct singers who participated in concerts that year.,Hard,multi_join_group_by,"SELECT concert.Year, COUNT(DISTINCT singer_in_concert.Singer_ID) FROM concert JOIN singer_in_concert ON concert.concert_ID = singer_in_concert.concert_ID GROUP BY concert.Year","SELECT Year, COUNT(DISTINCT Singer_ID) AS NumberOfSingers

FROM concert

JOIN singer_in_concert ON concert.concert_ID = singer_in_concert.concert_ID

GROUP BY Year;",0,1,43.486,4596.01
093,Show each stadium and the number of distinct concerts held there.,Hard,multi_join_group_by,"SELECT stadium.name, COUNT(DISTINCT concert.concert_ID) FROM stadium JOIN concert ON stadium.Stadium_ID = concert.Stadium_ID GROUP BY stadium.Stadium_ID","SELECT s.Name, COUNT(DISTINCT c.concert_ID) AS NumberOfConcerts

FROM stadium AS s

JOIN concert AS c ON s.Stadium_ID = c.Stadium_ID

GROUP BY s.Name;",0,0,47.099,4596.01
094,Show the singer who participated in the greatest number of concerts.,Hard,join_order_by_limit,SELECT singer.name FROM singer JOIN singer_in_concert ON singer.Singer_ID = singer_in_concert.Singer_ID GROUP BY singer.Singer_ID ORDER BY COUNT(*) DESC LIMIT 1,"SELECT s.Name, COUNT(ci.concert_ID) AS NumberOfConcerts

FROM singer s

JOIN singer_in_concert si ON s.Singer_ID = si.Singer_ID

JOIN concert c ON si.concert_ID = c.concert_ID

GROUP BY s.Singer_ID

ORDER BY NumberOfConcerts DESC

LIMIT 1",0,0,67.8106,4596.01
095,Show the concert year with the largest number of concerts.,Hard,join_order_by_limit,SELECT Year FROM concert GROUP BY Year ORDER BY COUNT(*) DESC LIMIT 1,"SELECT Year, COUNT(concert_ID) AS NumberOfConcerts

FROM concert

GROUP BY Year

ORDER BY NumberOfConcerts DESC

LIMIT 1;",0,0,34.6287,4596.01
096,Show the stadium with the highest average attendance among stadiums that hosted concerts.,Hard,join_order_by_limit,SELECT DISTINCT stadium.name FROM stadium JOIN concert ON stadium.Stadium_ID = concert.Stadium_ID ORDER BY stadium.average DESC LIMIT 1,"SELECT Stadium_ID, Name, Average

FROM stadium

WHERE Stadium_ID IN (

    SELECT DISTINCT Stadium_ID

    FROM concert

)

ORDER BY Average DESC

LIMIT 1;",0,0,41.766,4596.01
097,Show concert names held in the stadium with the largest capacity.,Hard,subquery_join,SELECT concert_Name FROM concert WHERE Stadium_ID = (SELECT Stadium_ID FROM stadium ORDER BY capacity DESC LIMIT 1),"SELECT c.concert_Name

FROM concert c

JOIN stadium s ON c.Stadium_ID = s.Stadium_ID

WHERE s.Capacity = (SELECT MAX(Capacity) FROM stadium);",0,1,42.2233,4596.01
098,Show concert names held in the stadium with the smallest capacity.,Hard,subquery_join,SELECT concert_Name FROM concert WHERE Stadium_ID = (SELECT Stadium_ID FROM stadium ORDER BY capacity ASC LIMIT 1),"SELECT c.concert_Name

FROM concert c

JOIN stadium s ON c.Stadium_ID = s.Stadium_ID

WHERE s.Capacity = (SELECT MIN(Capacity) FROM stadium);",0,1,43.9236,4596.01
099,Show stadium names where singers from more than one distinct country have performed.,Hard,multi_join_having,SELECT stadium.name FROM stadium JOIN concert ON stadium.Stadium_ID = concert.Stadium_ID JOIN singer_in_concert ON concert.concert_ID = singer_in_concert.concert_ID JOIN singer ON singer_in_concert.Singer_ID = singer.Singer_ID GROUP BY stadium.Stadium_ID HAVING COUNT(DISTINCT singer.country) > 1,"SELECT DISTINCT s.Name

FROM stadium s

JOIN concert c ON s.Stadium_ID = c.Stadium_ID

JOIN singer_in_concert sic ON c.concert_ID = sic.concert_ID

JOIN singer sng ON sic.Singer_ID = sng.Singer_ID

GROUP BY s.Name

HAVING COUNT(",0,0,67.5641,4596.01
100,Show the stadium name that has had the greatest number of distinct singers perform there.,Hard,multi_join_order_by_limit,SELECT stadium.name FROM stadium JOIN concert ON stadium.Stadium_ID = concert.Stadium_ID JOIN singer_in_concert ON concert.concert_ID = singer_in_concert.concert_ID GROUP BY stadium.Stadium_ID ORDER BY COUNT(DISTINCT singer_in_concert.Singer_ID) DESC LIMIT 1,"SELECT s.Name

FROM stadium s

JOIN concert c ON s.Stadium_ID = c.Stadium_ID

JOIN singer_in_concert sic ON c.concert_ID = sic.concert_ID

GROUP BY s.Name

ORDER BY COUNT(DISTINCT sic.Singer_ID) DESC

LIMIT 1;",0,0,64.7864,4596.01
